task,input,output,quiz
pdf_summary,"The Great Wall of China is an ancient series of walls and fortifications, totaling more than 13,000 miles in length. Built over several centuries, it served to protect Chinese states and empires from invasions by nomadic tribes.","The Great Wall of China, over 13,000 miles long, was built to protect China from invasions.","What was the main purpose of the Great Wall of China?; Defense against invasions, Trade, Cultural exchange, Religious practice"
pdf_summary,"The periodic table organizes elements based on atomic number, electron configuration, and recurring properties. Groups represent elements with similar characteristics, while periods represent increasing energy levels.",The periodic table organizes elements by atomic number and properties. Groups show similar characteristics.,"What does a group in the periodic table represent?; Similar chemical properties, Increasing atomic mass, Increasing energy levels, None of the above"
pdf_summary,"The Roman Empire was one of the most influential civilizations in history. At its height, it controlled much of Europe, North Africa, and the Middle East. Roman engineering, law, and culture significantly impacted the Western world.","The Roman Empire, spanning Europe, Africa, and the Middle East, influenced Western law, engineering, and culture.","Which area was NOT part of the Roman Empire at its height?; North America, Europe, Middle East, North Africa"
general_knowledge,Example input text for general_knowledge task number 4. Details about the topic or content are provided here.,Example output text summarizing or answering task 4.,"What is the key takeaway of task 4?; Option A, Option B, Option C, Option D"
youtube_summary,Example input text for youtube_summary task number 5. Details about the topic or content are provided here.,Example output text summarizing or answering task 5.,
course_summary,Example input text for course_summary task number 6. Details about the topic or content are provided here.,Example output text summarizing or answering task 6.,"What is the key takeaway of task 6?; Option A, Option B, Option C, Option D"
youtube_summary,Example input text for youtube_summary task number 7. Details about the topic or content are provided here.,Example output text summarizing or answering task 7.,
general_knowledge,Example input text for general_knowledge task number 8. Details about the topic or content are provided here.,Example output text summarizing or answering task 8.,"What is the key takeaway of task 8?; Option A, Option B, Option C, Option D"
course_summary,Example input text for course_summary task number 9. Details about the topic or content are provided here.,Example output text summarizing or answering task 9.,
youtube_summary,Example input text for youtube_summary task number 10. Details about the topic or content are provided here.,Example output text summarizing or answering task 10.,"What is the key takeaway of task 10?; Option A, Option B, Option C, Option D"
youtube_summary,Example input text for youtube_summary task number 11. Details about the topic or content are provided here.,Example output text summarizing or answering task 11.,
general_knowledge,Example input text for general_knowledge task number 12. Details about the topic or content are provided here.,Example output text summarizing or answering task 12.,"What is the key takeaway of task 12?; Option A, Option B, Option C, Option D"
youtube_summary,Example input text for youtube_summary task number 13. Details about the topic or content are provided here.,Example output text summarizing or answering task 13.,
youtube_summary,Example input text for youtube_summary task number 14. Details about the topic or content are provided here.,Example output text summarizing or answering task 14.,"What is the key takeaway of task 14?; Option A, Option B, Option C, Option D"
course_summary,Example input text for course_summary task number 15. Details about the topic or content are provided here.,Example output text summarizing or answering task 15.,
general_knowledge,Example input text for general_knowledge task number 16. Details about the topic or content are provided here.,Example output text summarizing or answering task 16.,"What is the key takeaway of task 16?; Option A, Option B, Option C, Option D"
youtube_summary,Example input text for youtube_summary task number 17. Details about the topic or content are provided here.,Example output text summarizing or answering task 17.,
course_summary,Example input text for course_summary task number 18. Details about the topic or content are provided here.,Example output text summarizing or answering task 18.,"What is the key takeaway of task 18?; Option A, Option B, Option C, Option D"
youtube_summary,Example input text for youtube_summary task number 19. Details about the topic or content are provided here.,Example output text summarizing or answering task 19.,
general_knowledge,Example input text for general_knowledge task number 20. Details about the topic or content are provided here.,Example output text summarizing or answering task 20.,"What is the key takeaway of task 20?; Option A, Option B, Option C, Option D"
course_summary,Example input text for course_summary task number 21. Details about the topic or content are provided here.,Example output text summarizing or answering task 21.,
youtube_summary,Example input text for youtube_summary task number 22. Details about the topic or content are provided here.,Example output text summarizing or answering task 22.,"What is the key takeaway of task 22?; Option A, Option B, Option C, Option D"
youtube_summary,Example input text for youtube_summary task number 23. Details about the topic or content are provided here.,Example output text summarizing or answering task 23.,
general_knowledge,Example input text for general_knowledge task number 24. Details about the topic or content are provided here.,Example output text summarizing or answering task 24.,"What is the key takeaway of task 24?; Option A, Option B, Option C, Option D"
youtube_summary,Example input text for youtube_summary task number 25. Details about the topic or content are provided here.,Example output text summarizing or answering task 25.,
youtube_summary,Example input text for youtube_summary task number 26. Details about the topic or content are provided here.,Example output text summarizing or answering task 26.,"What is the key takeaway of task 26?; Option A, Option B, Option C, Option D"
course_summary,Example input text for course_summary task number 27. Details about the topic or content are provided here.,Example output text summarizing or answering task 27.,
general_knowledge,Example input text for general_knowledge task number 28. Details about the topic or content are provided here.,Example output text summarizing or answering task 28.,"What is the key takeaway of task 28?; Option A, Option B, Option C, Option D"
youtube_summary,Example input text for youtube_summary task number 29. Details about the topic or content are provided here.,Example output text summarizing or answering task 29.,
course_summary,Example input text for course_summary task number 30. Details about the topic or content are provided here.,Example output text summarizing or answering task 30.,"What is the key takeaway of task 30?; Option A, Option B, Option C, Option D"
youtube_summary,Example input text for youtube_summary task number 31. Details about the topic or content are provided here.,Example output text summarizing or answering task 31.,
general_knowledge,Example input text for general_knowledge task number 32. Details about the topic or content are provided here.,Example output text summarizing or answering task 32.,"What is the key takeaway of task 32?; Option A, Option B, Option C, Option D"
course_summary,Example input text for course_summary task number 33. Details about the topic or content are provided here.,Example output text summarizing or answering task 33.,
youtube_summary,Example input text for youtube_summary task number 34. Details about the topic or content are provided here.,Example output text summarizing or answering task 34.,"What is the key takeaway of task 34?; Option A, Option B, Option C, Option D"
youtube_summary,Example input text for youtube_summary task number 35. Details about the topic or content are provided here.,Example output text summarizing or answering task 35.,
general_knowledge,Example input text for general_knowledge task number 36. Details about the topic or content are provided here.,Example output text summarizing or answering task 36.,"What is the key takeaway of task 36?; Option A, Option B, Option C, Option D"
youtube_summary,Example input text for youtube_summary task number 37. Details about the topic or content are provided here.,Example output text summarizing or answering task 37.,
youtube_summary,Example input text for youtube_summary task number 38. Details about the topic or content are provided here.,Example output text summarizing or answering task 38.,"What is the key takeaway of task 38?; Option A, Option B, Option C, Option D"
course_summary,Example input text for course_summary task number 39. Details about the topic or content are provided here.,Example output text summarizing or answering task 39.,
general_knowledge,Example input text for general_knowledge task number 40. Details about the topic or content are provided here.,Example output text summarizing or answering task 40.,"What is the key takeaway of task 40?; Option A, Option B, Option C, Option D"
youtube_summary,Example input text for youtube_summary task number 41. Details about the topic or content are provided here.,Example output text summarizing or answering task 41.,
course_summary,Example input text for course_summary task number 42. Details about the topic or content are provided here.,Example output text summarizing or answering task 42.,"What is the key takeaway of task 42?; Option A, Option B, Option C, Option D"
youtube_summary,Example input text for youtube_summary task number 43. Details about the topic or content are provided here.,Example output text summarizing or answering task 43.,
general_knowledge,Example input text for general_knowledge task number 44. Details about the topic or content are provided here.,Example output text summarizing or answering task 44.,"What is the key takeaway of task 44?; Option A, Option B, Option C, Option D"
course_summary,Example input text for course_summary task number 45. Details about the topic or content are provided here.,Example output text summarizing or answering task 45.,
youtube_summary,Example input text for youtube_summary task number 46. Details about the topic or content are provided here.,Example output text summarizing or answering task 46.,"What is the key takeaway of task 46?; Option A, Option B, Option C, Option D"
youtube_summary,Example input text for youtube_summary task number 47. Details about the topic or content are provided here.,Example output text summarizing or answering task 47.,
general_knowledge,Example input text for general_knowledge task number 48. Details about the topic or content are provided here.,Example output text summarizing or answering task 48.,"What is the key takeaway of task 48?; Option A, Option B, Option C, Option D"
youtube_summary,Example input text for youtube_summary task number 49. Details about the topic or content are provided here.,Example output text summarizing or answering task 49.,
youtube_summary,Example input text for youtube_summary task number 50. Details about the topic or content are provided here.,Example output text summarizing or answering task 50.,"What is the key takeaway of task 50?; Option A, Option B, Option C, Option D"
course_summary,Example input text for course_summary task number 51. Details about the topic or content are provided here.,Example output text summarizing or answering task 51.,
general_knowledge,Example input text for general_knowledge task number 52. Details about the topic or content are provided here.,Example output text summarizing or answering task 52.,"What is the key takeaway of task 52?; Option A, Option B, Option C, Option D"
youtube_summary,Example input text for youtube_summary task number 53. Details about the topic or content are provided here.,Example output text summarizing or answering task 53.,
course_summary,Example input text for course_summary task number 54. Details about the topic or content are provided here.,Example output text summarizing or answering task 54.,"What is the key takeaway of task 54?; Option A, Option B, Option C, Option D"
youtube_summary,Example input text for youtube_summary task number 55. Details about the topic or content are provided here.,Example output text summarizing or answering task 55.,
general_knowledge,Example input text for general_knowledge task number 56. Details about the topic or content are provided here.,Example output text summarizing or answering task 56.,"What is the key takeaway of task 56?; Option A, Option B, Option C, Option D"
course_summary,Example input text for course_summary task number 57. Details about the topic or content are provided here.,Example output text summarizing or answering task 57.,
youtube_summary,Example input text for youtube_summary task number 58. Details about the topic or content are provided here.,Example output text summarizing or answering task 58.,"What is the key takeaway of task 58?; Option A, Option B, Option C, Option D"
youtube_summary,Example input text for youtube_summary task number 59. Details about the topic or content are provided here.,Example output text summarizing or answering task 59.,
general_knowledge,Example input text for general_knowledge task number 60. Details about the topic or content are provided here.,Example output text summarizing or answering task 60.,"What is the key takeaway of task 60?; Option A, Option B, Option C, Option D"
youtube_summary,Example input text for youtube_summary task number 61. Details about the topic or content are provided here.,Example output text summarizing or answering task 61.,
youtube_summary,Example input text for youtube_summary task number 62. Details about the topic or content are provided here.,Example output text summarizing or answering task 62.,"What is the key takeaway of task 62?; Option A, Option B, Option C, Option D"
course_summary,Example input text for course_summary task number 63. Details about the topic or content are provided here.,Example output text summarizing or answering task 63.,
general_knowledge,Example input text for general_knowledge task number 64. Details about the topic or content are provided here.,Example output text summarizing or answering task 64.,"What is the key takeaway of task 64?; Option A, Option B, Option C, Option D"
youtube_summary,Example input text for youtube_summary task number 65. Details about the topic or content are provided here.,Example output text summarizing or answering task 65.,
course_summary,Example input text for course_summary task number 66. Details about the topic or content are provided here.,Example output text summarizing or answering task 66.,"What is the key takeaway of task 66?; Option A, Option B, Option C, Option D"
youtube_summary,Example input text for youtube_summary task number 67. Details about the topic or content are provided here.,Example output text summarizing or answering task 67.,
general_knowledge,Example input text for general_knowledge task number 68. Details about the topic or content are provided here.,Example output text summarizing or answering task 68.,"What is the key takeaway of task 68?; Option A, Option B, Option C, Option D"
course_summary,Example input text for course_summary task number 69. Details about the topic or content are provided here.,Example output text summarizing or answering task 69.,
youtube_summary,Example input text for youtube_summary task number 70. Details about the topic or content are provided here.,Example output text summarizing or answering task 70.,"What is the key takeaway of task 70?; Option A, Option B, Option C, Option D"
youtube_summary,Example input text for youtube_summary task number 71. Details about the topic or content are provided here.,Example output text summarizing or answering task 71.,
general_knowledge,Example input text for general_knowledge task number 72. Details about the topic or content are provided here.,Example output text summarizing or answering task 72.,"What is the key takeaway of task 72?; Option A, Option B, Option C, Option D"
youtube_summary,Example input text for youtube_summary task number 73. Details about the topic or content are provided here.,Example output text summarizing or answering task 73.,
youtube_summary,Example input text for youtube_summary task number 74. Details about the topic or content are provided here.,Example output text summarizing or answering task 74.,"What is the key takeaway of task 74?; Option A, Option B, Option C, Option D"
course_summary,Example input text for course_summary task number 75. Details about the topic or content are provided here.,Example output text summarizing or answering task 75.,
general_knowledge,Example input text for general_knowledge task number 76. Details about the topic or content are provided here.,Example output text summarizing or answering task 76.,"What is the key takeaway of task 76?; Option A, Option B, Option C, Option D"
youtube_summary,Example input text for youtube_summary task number 77. Details about the topic or content are provided here.,Example output text summarizing or answering task 77.,
course_summary,Example input text for course_summary task number 78. Details about the topic or content are provided here.,Example output text summarizing or answering task 78.,"What is the key takeaway of task 78?; Option A, Option B, Option C, Option D"
youtube_summary,Example input text for youtube_summary task number 79. Details about the topic or content are provided here.,Example output text summarizing or answering task 79.,
general_knowledge,Example input text for general_knowledge task number 80. Details about the topic or content are provided here.,Example output text summarizing or answering task 80.,"What is the key takeaway of task 80?; Option A, Option B, Option C, Option D"
course_summary,Example input text for course_summary task number 81. Details about the topic or content are provided here.,Example output text summarizing or answering task 81.,
youtube_summary,Example input text for youtube_summary task number 82. Details about the topic or content are provided here.,Example output text summarizing or answering task 82.,"What is the key takeaway of task 82?; Option A, Option B, Option C, Option D"
youtube_summary,Example input text for youtube_summary task number 83. Details about the topic or content are provided here.,Example output text summarizing or answering task 83.,
general_knowledge,Example input text for general_knowledge task number 84. Details about the topic or content are provided here.,Example output text summarizing or answering task 84.,"What is the key takeaway of task 84?; Option A, Option B, Option C, Option D"
youtube_summary,Example input text for youtube_summary task number 85. Details about the topic or content are provided here.,Example output text summarizing or answering task 85.,
youtube_summary,Example input text for youtube_summary task number 86. Details about the topic or content are provided here.,Example output text summarizing or answering task 86.,"What is the key takeaway of task 86?; Option A, Option B, Option C, Option D"
course_summary,Example input text for course_summary task number 87. Details about the topic or content are provided here.,Example output text summarizing or answering task 87.,
general_knowledge,Example input text for general_knowledge task number 88. Details about the topic or content are provided here.,Example output text summarizing or answering task 88.,"What is the key takeaway of task 88?; Option A, Option B, Option C, Option D"
youtube_summary,Example input text for youtube_summary task number 89. Details about the topic or content are provided here.,Example output text summarizing or answering task 89.,
course_summary,Example input text for course_summary task number 90. Details about the topic or content are provided here.,Example output text summarizing or answering task 90.,"What is the key takeaway of task 90?; Option A, Option B, Option C, Option D"
youtube_summary,Example input text for youtube_summary task number 91. Details about the topic or content are provided here.,Example output text summarizing or answering task 91.,
general_knowledge,Example input text for general_knowledge task number 92. Details about the topic or content are provided here.,Example output text summarizing or answering task 92.,"What is the key takeaway of task 92?; Option A, Option B, Option C, Option D"
course_summary,Example input text for course_summary task number 93. Details about the topic or content are provided here.,Example output text summarizing or answering task 93.,
youtube_summary,Example input text for youtube_summary task number 94. Details about the topic or content are provided here.,Example output text summarizing or answering task 94.,"What is the key takeaway of task 94?; Option A, Option B, Option C, Option D"
youtube_summary,Example input text for youtube_summary task number 95. Details about the topic or content are provided here.,Example output text summarizing or answering task 95.,
general_knowledge,Example input text for general_knowledge task number 96. Details about the topic or content are provided here.,Example output text summarizing or answering task 96.,"What is the key takeaway of task 96?; Option A, Option B, Option C, Option D"
youtube_summary,Example input text for youtube_summary task number 97. Details about the topic or content are provided here.,Example output text summarizing or answering task 97.,
youtube_summary,Example input text for youtube_summary task number 98. Details about the topic or content are provided here.,Example output text summarizing or answering task 98.,"What is the key takeaway of task 98?; Option A, Option B, Option C, Option D"
course_summary,Example input text for course_summary task number 99. Details about the topic or content are provided here.,Example output text summarizing or answering task 99.,
general_knowledge,Example input text for general_knowledge task number 100. Details about the topic or content are provided here.,Example output text summarizing or answering task 100.,"What is the key takeaway of task 100?; Option A, Option B, Option C, Option D"
youtube_summary,Example input text for youtube_summary task number 101. Details about the topic or content are provided here.,Example output text summarizing or answering task 101.,
course_summary,Example input text for course_summary task number 102. Details about the topic or content are provided here.,Example output text summarizing or answering task 102.,"What is the key takeaway of task 102?; Option A, Option B, Option C, Option D"
youtube_summary,Example input text for youtube_summary task number 103. Details about the topic or content are provided here.,Example output text summarizing or answering task 103.,
general_knowledge,Example input text for general_knowledge task number 104. Details about the topic or content are provided here.,Example output text summarizing or answering task 104.,"What is the key takeaway of task 104?; Option A, Option B, Option C, Option D"
course_summary,Example input text for course_summary task number 105. Details about the topic or content are provided here.,Example output text summarizing or answering task 105.,
youtube_summary,Example input text for youtube_summary task number 106. Details about the topic or content are provided here.,Example output text summarizing or answering task 106.,"What is the key takeaway of task 106?; Option A, Option B, Option C, Option D"
youtube_summary,Example input text for youtube_summary task number 107. Details about the topic or content are provided here.,Example output text summarizing or answering task 107.,
general_knowledge,Example input text for general_knowledge task number 108. Details about the topic or content are provided here.,Example output text summarizing or answering task 108.,"What is the key takeaway of task 108?; Option A, Option B, Option C, Option D"
youtube_summary,Example input text for youtube_summary task number 109. Details about the topic or content are provided here.,Example output text summarizing or answering task 109.,
youtube_summary,Example input text for youtube_summary task number 110. Details about the topic or content are provided here.,Example output text summarizing or answering task 110.,"What is the key takeaway of task 110?; Option A, Option B, Option C, Option D"
course_summary,Example input text for course_summary task number 111. Details about the topic or content are provided here.,Example output text summarizing or answering task 111.,
general_knowledge,Example input text for general_knowledge task number 112. Details about the topic or content are provided here.,Example output text summarizing or answering task 112.,"What is the key takeaway of task 112?; Option A, Option B, Option C, Option D"
youtube_summary,Example input text for youtube_summary task number 113. Details about the topic or content are provided here.,Example output text summarizing or answering task 113.,
course_summary,Example input text for course_summary task number 114. Details about the topic or content are provided here.,Example output text summarizing or answering task 114.,"What is the key takeaway of task 114?; Option A, Option B, Option C, Option D"
youtube_summary,Example input text for youtube_summary task number 115. Details about the topic or content are provided here.,Example output text summarizing or answering task 115.,
general_knowledge,Example input text for general_knowledge task number 116. Details about the topic or content are provided here.,Example output text summarizing or answering task 116.,"What is the key takeaway of task 116?; Option A, Option B, Option C, Option D"
course_summary,Example input text for course_summary task number 117. Details about the topic or content are provided here.,Example output text summarizing or answering task 117.,
youtube_summary,Example input text for youtube_summary task number 118. Details about the topic or content are provided here.,Example output text summarizing or answering task 118.,"What is the key takeaway of task 118?; Option A, Option B, Option C, Option D"
youtube_summary,Example input text for youtube_summary task number 119. Details about the topic or content are provided here.,Example output text summarizing or answering task 119.,
general_knowledge,Example input text for general_knowledge task number 120. Details about the topic or content are provided here.,Example output text summarizing or answering task 120.,"What is the key takeaway of task 120?; Option A, Option B, Option C, Option D"
youtube_summary,Example input text for youtube_summary task number 121. Details about the topic or content are provided here.,Example output text summarizing or answering task 121.,
youtube_summary,Example input text for youtube_summary task number 122. Details about the topic or content are provided here.,Example output text summarizing or answering task 122.,"What is the key takeaway of task 122?; Option A, Option B, Option C, Option D"
course_summary,Example input text for course_summary task number 123. Details about the topic or content are provided here.,Example output text summarizing or answering task 123.,
general_knowledge,Example input text for general_knowledge task number 124. Details about the topic or content are provided here.,Example output text summarizing or answering task 124.,"What is the key takeaway of task 124?; Option A, Option B, Option C, Option D"
youtube_summary,Example input text for youtube_summary task number 125. Details about the topic or content are provided here.,Example output text summarizing or answering task 125.,
course_summary,Example input text for course_summary task number 126. Details about the topic or content are provided here.,Example output text summarizing or answering task 126.,"What is the key takeaway of task 126?; Option A, Option B, Option C, Option D"
youtube_summary,Example input text for youtube_summary task number 127. Details about the topic or content are provided here.,Example output text summarizing or answering task 127.,
general_knowledge,Example input text for general_knowledge task number 128. Details about the topic or content are provided here.,Example output text summarizing or answering task 128.,"What is the key takeaway of task 128?; Option A, Option B, Option C, Option D"
course_summary,Example input text for course_summary task number 129. Details about the topic or content are provided here.,Example output text summarizing or answering task 129.,
youtube_summary,Example input text for youtube_summary task number 130. Details about the topic or content are provided here.,Example output text summarizing or answering task 130.,"What is the key takeaway of task 130?; Option A, Option B, Option C, Option D"
youtube_summary,Example input text for youtube_summary task number 131. Details about the topic or content are provided here.,Example output text summarizing or answering task 131.,
general_knowledge,Example input text for general_knowledge task number 132. Details about the topic or content are provided here.,Example output text summarizing or answering task 132.,"What is the key takeaway of task 132?; Option A, Option B, Option C, Option D"
youtube_summary,Example input text for youtube_summary task number 133. Details about the topic or content are provided here.,Example output text summarizing or answering task 133.,
youtube_summary,Example input text for youtube_summary task number 134. Details about the topic or content are provided here.,Example output text summarizing or answering task 134.,"What is the key takeaway of task 134?; Option A, Option B, Option C, Option D"
course_summary,Example input text for course_summary task number 135. Details about the topic or content are provided here.,Example output text summarizing or answering task 135.,
general_knowledge,Example input text for general_knowledge task number 136. Details about the topic or content are provided here.,Example output text summarizing or answering task 136.,"What is the key takeaway of task 136?; Option A, Option B, Option C, Option D"
youtube_summary,Example input text for youtube_summary task number 137. Details about the topic or content are provided here.,Example output text summarizing or answering task 137.,
course_summary,Example input text for course_summary task number 138. Details about the topic or content are provided here.,Example output text summarizing or answering task 138.,"What is the key takeaway of task 138?; Option A, Option B, Option C, Option D"
youtube_summary,Example input text for youtube_summary task number 139. Details about the topic or content are provided here.,Example output text summarizing or answering task 139.,
general_knowledge,Example input text for general_knowledge task number 140. Details about the topic or content are provided here.,Example output text summarizing or answering task 140.,"What is the key takeaway of task 140?; Option A, Option B, Option C, Option D"
course_summary,Example input text for course_summary task number 141. Details about the topic or content are provided here.,Example output text summarizing or answering task 141.,
youtube_summary,Example input text for youtube_summary task number 142. Details about the topic or content are provided here.,Example output text summarizing or answering task 142.,"What is the key takeaway of task 142?; Option A, Option B, Option C, Option D"
youtube_summary,Example input text for youtube_summary task number 143. Details about the topic or content are provided here.,Example output text summarizing or answering task 143.,
general_knowledge,Example input text for general_knowledge task number 144. Details about the topic or content are provided here.,Example output text summarizing or answering task 144.,"What is the key takeaway of task 144?; Option A, Option B, Option C, Option D"
youtube_summary,Example input text for youtube_summary task number 145. Details about the topic or content are provided here.,Example output text summarizing or answering task 145.,
youtube_summary,Example input text for youtube_summary task number 146. Details about the topic or content are provided here.,Example output text summarizing or answering task 146.,"What is the key takeaway of task 146?; Option A, Option B, Option C, Option D"
course_summary,Example input text for course_summary task number 147. Details about the topic or content are provided here.,Example output text summarizing or answering task 147.,
general_knowledge,Example input text for general_knowledge task number 148. Details about the topic or content are provided here.,Example output text summarizing or answering task 148.,"What is the key takeaway of task 148?; Option A, Option B, Option C, Option D"
youtube_summary,Example input text for youtube_summary task number 149. Details about the topic or content are provided here.,Example output text summarizing or answering task 149.,
course_summary,Example input text for course_summary task number 150. Details about the topic or content are provided here.,Example output text summarizing or answering task 150.,"What is the key takeaway of task 150?; Option A, Option B, Option C, Option D"
youtube_summary,Example input text for youtube_summary task number 151. Details about the topic or content are provided here.,Example output text summarizing or answering task 151.,
general_knowledge,Example input text for general_knowledge task number 152. Details about the topic or content are provided here.,Example output text summarizing or answering task 152.,"What is the key takeaway of task 152?; Option A, Option B, Option C, Option D"
course_summary,Example input text for course_summary task number 153. Details about the topic or content are provided here.,Example output text summarizing or answering task 153.,
youtube_summary,Example input text for youtube_summary task number 154. Details about the topic or content are provided here.,Example output text summarizing or answering task 154.,"What is the key takeaway of task 154?; Option A, Option B, Option C, Option D"
youtube_summary,Example input text for youtube_summary task number 155. Details about the topic or content are provided here.,Example output text summarizing or answering task 155.,
general_knowledge,Example input text for general_knowledge task number 156. Details about the topic or content are provided here.,Example output text summarizing or answering task 156.,"What is the key takeaway of task 156?; Option A, Option B, Option C, Option D"
youtube_summary,Example input text for youtube_summary task number 157. Details about the topic or content are provided here.,Example output text summarizing or answering task 157.,
youtube_summary,Example input text for youtube_summary task number 158. Details about the topic or content are provided here.,Example output text summarizing or answering task 158.,"What is the key takeaway of task 158?; Option A, Option B, Option C, Option D"
course_summary,Example input text for course_summary task number 159. Details about the topic or content are provided here.,Example output text summarizing or answering task 159.,
general_knowledge,Example input text for general_knowledge task number 160. Details about the topic or content are provided here.,Example output text summarizing or answering task 160.,"What is the key takeaway of task 160?; Option A, Option B, Option C, Option D"
youtube_summary,Example input text for youtube_summary task number 161. Details about the topic or content are provided here.,Example output text summarizing or answering task 161.,
course_summary,Example input text for course_summary task number 162. Details about the topic or content are provided here.,Example output text summarizing or answering task 162.,"What is the key takeaway of task 162?; Option A, Option B, Option C, Option D"
youtube_summary,Example input text for youtube_summary task number 163. Details about the topic or content are provided here.,Example output text summarizing or answering task 163.,
general_knowledge,Example input text for general_knowledge task number 164. Details about the topic or content are provided here.,Example output text summarizing or answering task 164.,"What is the key takeaway of task 164?; Option A, Option B, Option C, Option D"
course_summary,Example input text for course_summary task number 165. Details about the topic or content are provided here.,Example output text summarizing or answering task 165.,
youtube_summary,Example input text for youtube_summary task number 166. Details about the topic or content are provided here.,Example output text summarizing or answering task 166.,"What is the key takeaway of task 166?; Option A, Option B, Option C, Option D"
youtube_summary,Example input text for youtube_summary task number 167. Details about the topic or content are provided here.,Example output text summarizing or answering task 167.,
general_knowledge,Example input text for general_knowledge task number 168. Details about the topic or content are provided here.,Example output text summarizing or answering task 168.,"What is the key takeaway of task 168?; Option A, Option B, Option C, Option D"
youtube_summary,Example input text for youtube_summary task number 169. Details about the topic or content are provided here.,Example output text summarizing or answering task 169.,
youtube_summary,Example input text for youtube_summary task number 170. Details about the topic or content are provided here.,Example output text summarizing or answering task 170.,"What is the key takeaway of task 170?; Option A, Option B, Option C, Option D"
course_summary,Example input text for course_summary task number 171. Details about the topic or content are provided here.,Example output text summarizing or answering task 171.,
general_knowledge,Example input text for general_knowledge task number 172. Details about the topic or content are provided here.,Example output text summarizing or answering task 172.,"What is the key takeaway of task 172?; Option A, Option B, Option C, Option D"
youtube_summary,Example input text for youtube_summary task number 173. Details about the topic or content are provided here.,Example output text summarizing or answering task 173.,
course_summary,Example input text for course_summary task number 174. Details about the topic or content are provided here.,Example output text summarizing or answering task 174.,"What is the key takeaway of task 174?; Option A, Option B, Option C, Option D"
youtube_summary,Example input text for youtube_summary task number 175. Details about the topic or content are provided here.,Example output text summarizing or answering task 175.,
general_knowledge,Example input text for general_knowledge task number 176. Details about the topic or content are provided here.,Example output text summarizing or answering task 176.,"What is the key takeaway of task 176?; Option A, Option B, Option C, Option D"
course_summary,Example input text for course_summary task number 177. Details about the topic or content are provided here.,Example output text summarizing or answering task 177.,
youtube_summary,Example input text for youtube_summary task number 178. Details about the topic or content are provided here.,Example output text summarizing or answering task 178.,"What is the key takeaway of task 178?; Option A, Option B, Option C, Option D"
youtube_summary,Example input text for youtube_summary task number 179. Details about the topic or content are provided here.,Example output text summarizing or answering task 179.,
general_knowledge,Example input text for general_knowledge task number 180. Details about the topic or content are provided here.,Example output text summarizing or answering task 180.,"What is the key takeaway of task 180?; Option A, Option B, Option C, Option D"
youtube_summary,Example input text for youtube_summary task number 181. Details about the topic or content are provided here.,Example output text summarizing or answering task 181.,
youtube_summary,Example input text for youtube_summary task number 182. Details about the topic or content are provided here.,Example output text summarizing or answering task 182.,"What is the key takeaway of task 182?; Option A, Option B, Option C, Option D"
course_summary,Example input text for course_summary task number 183. Details about the topic or content are provided here.,Example output text summarizing or answering task 183.,
general_knowledge,Example input text for general_knowledge task number 184. Details about the topic or content are provided here.,Example output text summarizing or answering task 184.,"What is the key takeaway of task 184?; Option A, Option B, Option C, Option D"
youtube_summary,Example input text for youtube_summary task number 185. Details about the topic or content are provided here.,Example output text summarizing or answering task 185.,
course_summary,Example input text for course_summary task number 186. Details about the topic or content are provided here.,Example output text summarizing or answering task 186.,"What is the key takeaway of task 186?; Option A, Option B, Option C, Option D"
youtube_summary,Example input text for youtube_summary task number 187. Details about the topic or content are provided here.,Example output text summarizing or answering task 187.,
general_knowledge,Example input text for general_knowledge task number 188. Details about the topic or content are provided here.,Example output text summarizing or answering task 188.,"What is the key takeaway of task 188?; Option A, Option B, Option C, Option D"
course_summary,Example input text for course_summary task number 189. Details about the topic or content are provided here.,Example output text summarizing or answering task 189.,
youtube_summary,Example input text for youtube_summary task number 190. Details about the topic or content are provided here.,Example output text summarizing or answering task 190.,"What is the key takeaway of task 190?; Option A, Option B, Option C, Option D"
youtube_summary,Example input text for youtube_summary task number 191. Details about the topic or content are provided here.,Example output text summarizing or answering task 191.,
general_knowledge,Example input text for general_knowledge task number 192. Details about the topic or content are provided here.,Example output text summarizing or answering task 192.,"What is the key takeaway of task 192?; Option A, Option B, Option C, Option D"
youtube_summary,Example input text for youtube_summary task number 193. Details about the topic or content are provided here.,Example output text summarizing or answering task 193.,
youtube_summary,Example input text for youtube_summary task number 194. Details about the topic or content are provided here.,Example output text summarizing or answering task 194.,"What is the key takeaway of task 194?; Option A, Option B, Option C, Option D"
course_summary,Example input text for course_summary task number 195. Details about the topic or content are provided here.,Example output text summarizing or answering task 195.,
general_knowledge,Example input text for general_knowledge task number 196. Details about the topic or content are provided here.,Example output text summarizing or answering task 196.,"What is the key takeaway of task 196?; Option A, Option B, Option C, Option D"
youtube_summary,Example input text for youtube_summary task number 197. Details about the topic or content are provided here.,Example output text summarizing or answering task 197.,
course_summary,Example input text for course_summary task number 198. Details about the topic or content are provided here.,Example output text summarizing or answering task 198.,"What is the key takeaway of task 198?; Option A, Option B, Option C, Option D"
youtube_summary,Example input text for youtube_summary task number 199. Details about the topic or content are provided here.,Example output text summarizing or answering task 199.,
general_knowledge,Example input text for general_knowledge task number 200. Details about the topic or content are provided here.,Example output text summarizing or answering task 200.,"What is the key takeaway of task 200?; Option A, Option B, Option C, Option D"
course_summary,Example input text for course_summary task number 201. Details about the topic or content are provided here.,Example output text summarizing or answering task 201.,
youtube_summary,Example input text for youtube_summary task number 202. Details about the topic or content are provided here.,Example output text summarizing or answering task 202.,"What is the key takeaway of task 202?; Option A, Option B, Option C, Option D"
youtube_summary,Example input text for youtube_summary task number 203. Details about the topic or content are provided here.,Example output text summarizing or answering task 203.,
general_knowledge,Example input text for general_knowledge task number 204. Details about the topic or content are provided here.,Example output text summarizing or answering task 204.,"What is the key takeaway of task 204?; Option A, Option B, Option C, Option D"
youtube_summary,Example input text for youtube_summary task number 205. Details about the topic or content are provided here.,Example output text summarizing or answering task 205.,
youtube_summary,Example input text for youtube_summary task number 206. Details about the topic or content are provided here.,Example output text summarizing or answering task 206.,"What is the key takeaway of task 206?; Option A, Option B, Option C, Option D"
course_summary,Example input text for course_summary task number 207. Details about the topic or content are provided here.,Example output text summarizing or answering task 207.,
general_knowledge,Example input text for general_knowledge task number 208. Details about the topic or content are provided here.,Example output text summarizing or answering task 208.,"What is the key takeaway of task 208?; Option A, Option B, Option C, Option D"
youtube_summary,Example input text for youtube_summary task number 209. Details about the topic or content are provided here.,Example output text summarizing or answering task 209.,
course_summary,Example input text for course_summary task number 210. Details about the topic or content are provided here.,Example output text summarizing or answering task 210.,"What is the key takeaway of task 210?; Option A, Option B, Option C, Option D"
youtube_summary,Example input text for youtube_summary task number 211. Details about the topic or content are provided here.,Example output text summarizing or answering task 211.,
general_knowledge,Example input text for general_knowledge task number 212. Details about the topic or content are provided here.,Example output text summarizing or answering task 212.,"What is the key takeaway of task 212?; Option A, Option B, Option C, Option D"
course_summary,Example input text for course_summary task number 213. Details about the topic or content are provided here.,Example output text summarizing or answering task 213.,
youtube_summary,Example input text for youtube_summary task number 214. Details about the topic or content are provided here.,Example output text summarizing or answering task 214.,"What is the key takeaway of task 214?; Option A, Option B, Option C, Option D"
youtube_summary,Example input text for youtube_summary task number 215. Details about the topic or content are provided here.,Example output text summarizing or answering task 215.,
general_knowledge,Example input text for general_knowledge task number 216. Details about the topic or content are provided here.,Example output text summarizing or answering task 216.,"What is the key takeaway of task 216?; Option A, Option B, Option C, Option D"
youtube_summary,Example input text for youtube_summary task number 217. Details about the topic or content are provided here.,Example output text summarizing or answering task 217.,
youtube_summary,Example input text for youtube_summary task number 218. Details about the topic or content are provided here.,Example output text summarizing or answering task 218.,"What is the key takeaway of task 218?; Option A, Option B, Option C, Option D"
course_summary,Example input text for course_summary task number 219. Details about the topic or content are provided here.,Example output text summarizing or answering task 219.,
general_knowledge,Example input text for general_knowledge task number 220. Details about the topic or content are provided here.,Example output text summarizing or answering task 220.,"What is the key takeaway of task 220?; Option A, Option B, Option C, Option D"
youtube_summary,Example input text for youtube_summary task number 221. Details about the topic or content are provided here.,Example output text summarizing or answering task 221.,
course_summary,Example input text for course_summary task number 222. Details about the topic or content are provided here.,Example output text summarizing or answering task 222.,"What is the key takeaway of task 222?; Option A, Option B, Option C, Option D"
youtube_summary,Example input text for youtube_summary task number 223. Details about the topic or content are provided here.,Example output text summarizing or answering task 223.,
general_knowledge,Example input text for general_knowledge task number 224. Details about the topic or content are provided here.,Example output text summarizing or answering task 224.,"What is the key takeaway of task 224?; Option A, Option B, Option C, Option D"
course_summary,Example input text for course_summary task number 225. Details about the topic or content are provided here.,Example output text summarizing or answering task 225.,
youtube_summary,Example input text for youtube_summary task number 226. Details about the topic or content are provided here.,Example output text summarizing or answering task 226.,"What is the key takeaway of task 226?; Option A, Option B, Option C, Option D"
youtube_summary,Example input text for youtube_summary task number 227. Details about the topic or content are provided here.,Example output text summarizing or answering task 227.,
general_knowledge,Example input text for general_knowledge task number 228. Details about the topic or content are provided here.,Example output text summarizing or answering task 228.,"What is the key takeaway of task 228?; Option A, Option B, Option C, Option D"
youtube_summary,Example input text for youtube_summary task number 229. Details about the topic or content are provided here.,Example output text summarizing or answering task 229.,
youtube_summary,Example input text for youtube_summary task number 230. Details about the topic or content are provided here.,Example output text summarizing or answering task 230.,"What is the key takeaway of task 230?; Option A, Option B, Option C, Option D"
course_summary,Example input text for course_summary task number 231. Details about the topic or content are provided here.,Example output text summarizing or answering task 231.,
general_knowledge,Example input text for general_knowledge task number 232. Details about the topic or content are provided here.,Example output text summarizing or answering task 232.,"What is the key takeaway of task 232?; Option A, Option B, Option C, Option D"
youtube_summary,Example input text for youtube_summary task number 233. Details about the topic or content are provided here.,Example output text summarizing or answering task 233.,
course_summary,Example input text for course_summary task number 234. Details about the topic or content are provided here.,Example output text summarizing or answering task 234.,"What is the key takeaway of task 234?; Option A, Option B, Option C, Option D"
youtube_summary,Example input text for youtube_summary task number 235. Details about the topic or content are provided here.,Example output text summarizing or answering task 235.,
general_knowledge,Example input text for general_knowledge task number 236. Details about the topic or content are provided here.,Example output text summarizing or answering task 236.,"What is the key takeaway of task 236?; Option A, Option B, Option C, Option D"
course_summary,Example input text for course_summary task number 237. Details about the topic or content are provided here.,Example output text summarizing or answering task 237.,
youtube_summary,Example input text for youtube_summary task number 238. Details about the topic or content are provided here.,Example output text summarizing or answering task 238.,"What is the key takeaway of task 238?; Option A, Option B, Option C, Option D"
youtube_summary,Example input text for youtube_summary task number 239. Details about the topic or content are provided here.,Example output text summarizing or answering task 239.,
general_knowledge,Example input text for general_knowledge task number 240. Details about the topic or content are provided here.,Example output text summarizing or answering task 240.,"What is the key takeaway of task 240?; Option A, Option B, Option C, Option D"
youtube_summary,Example input text for youtube_summary task number 241. Details about the topic or content are provided here.,Example output text summarizing or answering task 241.,
youtube_summary,Example input text for youtube_summary task number 242. Details about the topic or content are provided here.,Example output text summarizing or answering task 242.,"What is the key takeaway of task 242?; Option A, Option B, Option C, Option D"
course_summary,Example input text for course_summary task number 243. Details about the topic or content are provided here.,Example output text summarizing or answering task 243.,
general_knowledge,Example input text for general_knowledge task number 244. Details about the topic or content are provided here.,Example output text summarizing or answering task 244.,"What is the key takeaway of task 244?; Option A, Option B, Option C, Option D"
youtube_summary,Example input text for youtube_summary task number 245. Details about the topic or content are provided here.,Example output text summarizing or answering task 245.,
course_summary,Example input text for course_summary task number 246. Details about the topic or content are provided here.,Example output text summarizing or answering task 246.,"What is the key takeaway of task 246?; Option A, Option B, Option C, Option D"
youtube_summary,Example input text for youtube_summary task number 247. Details about the topic or content are provided here.,Example output text summarizing or answering task 247.,
general_knowledge,Example input text for general_knowledge task number 248. Details about the topic or content are provided here.,Example output text summarizing or answering task 248.,"What is the key takeaway of task 248?; Option A, Option B, Option C, Option D"
course_summary,Example input text for course_summary task number 249. Details about the topic or content are provided here.,Example output text summarizing or answering task 249.,
youtube_summary,Example input text for youtube_summary task number 250. Details about the topic or content are provided here.,Example output text summarizing or answering task 250.,"What is the key takeaway of task 250?; Option A, Option B, Option C, Option D"
general_knowledge,What is your name?,"My name is Kronos, and I am the AI for FutocampusAssistant.",
general_knowledge,Who created you?,"I was created by DrApkFile, ChefthePreacher, and Misheal.",
general_knowledge,What are you designed for?,"I am designed to assist with learning, summarization, and providing answers for Futocampus users.",
